Id,Designator,Package,Quantity,Designation,JLC #,Note
1,F1,Fuse_0402_1005Metric,1,500mA,C136320,
2,"C16,C17,C14,C13,C18,C21,C6,C23,C11,C4,C15,C7,C10,C19,C8,C9,C22",C_0402_1005Metric,17,100nF,C41851,
3,"R3,R4",R_0402_1005Metric,2,5.1k,C25905,± 10%
4,"C1,C5",C_0402_1005Metric,2,5pF,C1569,± 0.25pF
5,"LED2,LED1,LED3",LED_6028R,3,SK6812MINI-E,C5149201,
6,"R7,R6",R_0402_1005Metric,2,27,C25156,
7,"D2,D1",LED_WS2812B_PLCC4_5.0x5.0mm_P3.2mm,2,WS2812B,C114586,WS2812B-B also ok
8,J2,USB_C_Receptacle_HRO_TYPE-C-31-M-12,1,USB_C_Receptacle_USB2.0,C165948,
9,D3,LED_0402_1005Metric,1,STATUS LED,C130719,"Any color ok, prefer red"
10,U2,SOT-23-5,1,TLV75533PDBVR,C404027,also ok: TPAP2112K-3.3TRG1
11,"C12,C2,C20,C3",C_0402_1005Metric,4,1uF,C83063,
12,U4,W25Q_SOIC-8,1,W25Q80DVSSIG ,C115408,150mil
13,"R9,R8",R_0402_1005Metric,2,10k,C60490,
14,SW3,SW_SPST_PTS810,1,Reset,C221895,Any ok: PTS810
15,FB1,L_0603_1608Metric,1,BLM18HE152SN1D,C82155,"> 200 @100MHz, 500mA saturation"
16,R1,R_0402_1005Metric,1,1k,C11702,
17,R10,R_0402_1005Metric,1,1M,C26083,
18,Y1,Crystal_SMD_3225-4Pin_3.2x2.5mm,1,Crystal_GND24_Small,C93234,12Mhz 10pF 
19,"R2,R5",R_0402_1005Metric,2,220,C25091,
20,U3,QFN-56-1EP_7x7mm_P0.4mm_EP3.2x3.2mm,1,RP2040,C2040,
21,U1,SOT-23-6-routable,1,SRV05-4,C558418,
22,"SW2,SW7,SW1",SW_Hotswap_Hybrid_1.00u,3,Kailh Hotswap,,PG151101S11
23,"S3,S1,S2",SW_TS-1187A-B-A-B,3,TS-1187A-C-J-B ,C318885,4.5 or 5mm stem height
