Ref,Val,Package,PosX,PosY,Rot,Side
"SW1","Kailh Hotswap","SW_Hotswap_Hybrid_1.00u",-134.500000,-81.750000,0.000000,bottom
"SW2","Kailh Hotswap","SW_Hotswap_Hybrid_1.00u",-153.500000,-81.750000,0.000000,bottom
"SW4","DTSM-66R-V-T/R","SW_Push_1P1T_NO_6x6mm_H9.5mm",-139.250000,-101.000000,180.000000,bottom
"SW5","DTSM-66R-V-T/R","SW_Push_1P1T_NO_6x6mm_H9.5mm",-154.500000,-101.000000,180.000000,bottom
"SW6","DTSM-66R-V-T/R","SW_Push_1P1T_NO_6x6mm_H9.5mm",-168.500000,-101.000000,180.000000,bottom
"SW7","Kailh Hotswap","SW_Hotswap_Hybrid_1.00u",-172.550000,-81.750000,0.000000,bottom
